{"cameraMode":{"drawMode":0,"name":"Shaded","section":"Shading Mode"},"sceneLighting":false,"audioPlay":false,"sceneViewState":{"m_AlwaysRefresh":true,"showFog":true,"showSkybox":false,"showFlares":true,"showImageEffects":true,"showParticleSystems":true,"showVisualEffectGraphs":true,"m_FxEnabled":true},"in2DMode":false,"pivot":{"x":-0.20443259179592133,"y":0.5120795369148254,"z":-0.043557409197092059},"rotation":{"x":-0.13615381717681886,"y":-0.05732809007167816,"z":0.007892097346484661,"w":-0.9889901280403137},"size":0.7141428589820862,"orthographic":false}