{"cameraMode":{"drawMode":0,"name":"Shaded","section":"Shading Mode"},"sceneLighting":false,"audioPlay":false,"sceneViewState":{"m_AlwaysRefresh":true,"showFog":true,"showSkybox":false,"showFlares":true,"showImageEffects":true,"showParticleSystems":true,"showVisualEffectGraphs":true,"m_FxEnabled":true},"in2DMode":false,"pivot":{"x":9.477703094482422,"y":9.76978588104248,"z":-0.4575175940990448},"rotation":{"x":-0.00777928251773119,"y":0.004244623240083456,"z":-0.00003956063665100373,"w":-0.9999445080757141},"size":6.054886817932129,"orthographic":false}