{"cameraMode":{"drawMode":0,"name":"Shaded","section":"Shading Mode"},"sceneLighting":false,"audioPlay":false,"sceneViewState":{"m_AlwaysRefresh":true,"showFog":true,"showSkybox":false,"showFlares":true,"showImageEffects":true,"showParticleSystems":true,"showVisualEffectGraphs":true,"m_FxEnabled":true},"in2DMode":false,"pivot":{"x":3.3563852310180666,"y":3.1641898155212404,"z":-0.5788266658782959},"rotation":{"x":0.09554240852594376,"y":0.005075173918157816,"z":0.00048683356726542115,"w":-0.9954033493995667},"size":11.31296443939209,"orthographic":false}