{"cameraMode":{"drawMode":0,"name":"Shaded","section":"Shading Mode"},"sceneLighting":false,"audioPlay":false,"sceneViewState":{"m_AlwaysRefresh":true,"showFog":true,"showSkybox":false,"showFlares":true,"showImageEffects":true,"showParticleSystems":true,"showVisualEffectGraphs":true,"m_FxEnabled":true},"in2DMode":false,"pivot":{"x":3.130800724029541,"y":3.495971918106079,"z":-0.01664876937866211},"rotation":{"x":-0.10952239483594895,"y":0.02508847415447235,"z":-0.002772397128865123,"w":-0.9936459064483643},"size":3.707106351852417,"orthographic":false}