{"cameraMode":{"drawMode":0,"name":"Shaded","section":"Shading Mode"},"sceneLighting":false,"audioPlay":false,"sceneViewState":{"m_AlwaysRefresh":true,"showFog":true,"showSkybox":false,"showFlares":true,"showImageEffects":true,"showParticleSystems":true,"showVisualEffectGraphs":true,"m_FxEnabled":true},"in2DMode":false,"pivot":{"x":9.616052627563477,"y":10.153085708618164,"z":-0.4503638446331024},"rotation":{"x":-0.00777928251773119,"y":0.004244623240083456,"z":-0.00003956063665100373,"w":-0.9999445080757141},"size":3.654885768890381,"orthographic":false}