{"cameraMode":{"drawMode":0,"name":"Shaded","section":"Shading Mode"},"sceneLighting":false,"audioPlay":false,"sceneViewState":{"m_AlwaysRefresh":true,"showFog":true,"showSkybox":false,"showFlares":true,"showImageEffects":true,"showParticleSystems":true,"showVisualEffectGraphs":true,"m_FxEnabled":true},"in2DMode":false,"pivot":{"x":10.146710395812989,"y":14.260347366333008,"z":0.4842841625213623},"rotation":{"x":-0.049753762781620029,"y":-0.013737889938056469,"z":0.000678422802593559,"w":-0.9986494183540344},"size":7.259167194366455,"orthographic":false}