{"cameraMode":{"drawMode":0,"name":"Shaded","section":"Shading Mode"},"sceneLighting":false,"audioPlay":false,"sceneViewState":{"m_AlwaysRefresh":true,"showFog":true,"showSkybox":false,"showFlares":true,"showImageEffects":true,"showParticleSystems":true,"showVisualEffectGraphs":true,"m_FxEnabled":true},"in2DMode":false,"pivot":{"x":-0.002110149012878537,"y":-0.021153369918465616,"z":-0.0014831125736236573},"rotation":{"x":-0.03477203845977783,"y":0.002742827869951725,"z":-0.00010142103565158322,"w":-0.9993738532066345},"size":0.15099674463272096,"orthographic":false}