{"cameraMode":{"drawMode":0,"name":"Shaded","section":"Shading Mode"},"sceneLighting":false,"audioPlay":false,"sceneViewState":{"m_AlwaysRefresh":true,"showFog":true,"showSkybox":false,"showFlares":true,"showImageEffects":true,"showParticleSystems":true,"showVisualEffectGraphs":true,"m_FxEnabled":false},"in2DMode":false,"pivot":{"x":0.460664302110672,"y":0.02945053204894066,"z":-0.3386804461479187},"rotation":{"x":0.06441007554531098,"y":0.013701435178518296,"z":-0.0006618988700211048,"w":0.9978309869766235},"size":0.7071067690849304,"orthographic":false}