{"cameraMode":{"drawMode":0,"name":"Shaded","section":"Shading Mode"},"sceneLighting":false,"audioPlay":false,"sceneViewState":{"m_AlwaysRefresh":true,"showFog":true,"showSkybox":false,"showFlares":true,"showImageEffects":true,"showParticleSystems":true,"showVisualEffectGraphs":true,"m_FxEnabled":true},"in2DMode":false,"pivot":{"x":-0.17636917531490327,"y":-0.24946339428424836,"z":0.054976530373096469},"rotation":{"x":0.29951903223991396,"y":-0.0008600091678090394,"z":-0.0002702043275348842,"w":-0.954082727432251},"size":0.7141428589820862,"orthographic":false}